"يعتبر المعدل الدراسي مثال على البيانات ,",S
",",
"الكمية المتصلة,",1
"الكمية المنفصلة,",
"الوصفية,",
"جميع ما يلي بيانات وصفية ما عدا ,",S
",",
"الحالة الأقتصادية,",
"درجة الحرارة,",1
"الجنسية,",
"مجموعة جزئية من مفردات المجتمع محل الدراسة يتم اختيارها بحيث تكون ممثلة للمجتمع تمثيل صحيح,",S
",",
"البيانات,",
"المتغير,",
"العينة,",1
"مجموعة القيم التي يتم جمعها من مفردات المجتمع أو العينة لخاصية معينة هي,",S
",",
"البيانات,",1
"المجتمع,",
"المتغير,",
"مجموعة الطرق و الأساليب التي تستخدم في تعميم نتائج العينة على خصائص المجتمع الذي سحبت منه و قياس العلاقات بين الخصائص المختلفة للمجتمع والتنبؤ بالقيم المستقبلية لهذه الخصائص ,",S
",",
"الإحصاء الاستدلالي,",1
"الإحصاء الوصفي,",
"البيانات,",
"هي البيانات التي يمكن حصرها في عدة أوجة وصفية ولا يمكن إجرا ء عمليات رياضية حسابية عليها  كالجمع و الطرح,",S
",",
"البيانات الكمية المتصلة,",
"البيانات الكمية المنفصلة,",
"البيانات الوصفية,",1
"البيانات الوصفية هي البيانات التي يتم الحصول عليها في شكل أعداد و يمكن ترتيبها ,",S
",",
"صح,",
"خطأ,",1
",",
"تعتبر الأرقام الجامعية للطلاب بيانات وصفية ,",S
",",
"صح,",1
"خطأ,",
",",
"العينة هي المجموعة الكلية لمفردات الدراسة سوا كانت أفراد أو أشياء ,",S
",",
"صح,",
"خطأ,",1
",",
" كلما أرتفع مستوى قياس الخاصية كانت القدرة على إجرا العمليات الترتيبية و الحسابية عليها أكبر,",S
",",
"صح,",1
"خطأ,",
",",
":ماذا يحدث إذا كان مستوى النسبة مساوي للصفر  ,",S
",",
"انعدام الصفة,",1
"مدلول الصفة ,",
"لاشيء مما سبق,",
"يستخدم المستوى الاسمي والترتيبي لقياس,",S
",",
"الصفة,",
"البيانات النوعية ,",1
"البيانات الكمية ,",
"يستخدم مستوى الفترة ومستوى النسبة لقياس,",S
",",
"البيانات النوعية ,",
"مدلول الصفة ,",
"البيانات الكمية ,",1
"أنواع البدء في التحليل الاحصائي,",S
"اسمي,",
"كمي,",
"ترتيبي,",
"كل ما سبق,",1
"الى كم نوع خطأ ممكن ان تتعرض له البيانات عند جمعها,",S
",",
"ثلاثة أنواع ,",
"نوعان,",1
"نوع واحد,",
"(تعريف)هو الخطأ الذي يحدث عند جمع البيانات,",S
",",
"خطأ التحييز,",1
"خطأ المعاينة العشوائية,",
"لاشيء مما سبق,",
"(تعريف)هو الخطأ الذي يحدث عند اجراء الدراسة الإحصائية,",S
",",
"خطأ التحييز,",
"خطأ المعاينة العشوائية,",1
"لاشيء مما سبق,",
"ماهي طرق تنظيم وعرض البيانات,",S
",",
"التوزيعات التكرارية,",
"التمثيل البياني ,",
"كل ما سبق,",1
"ماذا نستفيد من تلخيص البيانات,",S
",",
"تنظيمها ,",
"معالجتها,",1
"عرضها,",
"عند استخدام أسلوب المعاينة فأننا في تعميم النتائج على باقي المجتمع"" مثال على"",",S
",",
"الإحصاء الوصفي ,",
"الإحصاء الحيوي ,",1
"الإحصاء  ,",
"جميع الخيارات من أنواع أساليب المسح بالعينة العشوائي ما عدا ,",S
",",
"البسيطة,",
"المنتظمة,",
"الزمنية,",1
"نحصل على البيانات من كل السجلات والتقارير وقواغد البيانات من أسلوب,",S
",",
"المسح,",1
"المسح الشامل,",
"المسح بالعينة العشوائية,",
"يتم جمع البيانات من كل مفردات المجتمع محل الدارسة,",S
",",
"المسح الشامل ,",1
"المسح بالعينة العشوائية,",
"المسح,",
"يتم اختيار عينة عشوائية بسيطة من الشيكات من كل فرع حسب حجم  ,",S
",",
"الوزن,",
"الشبكات,",
"العينة,",1
"عند تصميم الاستبيان لايجب مراعاة الشروط,",S
",",
"صح,",
"خطأ,",1
",",
"تعطي كل مفردة من مفردات المجتمع نفس الفرصة في الاختيار يعتبر من العينة العشوائية الطبقية  ,",S
",",
"صح,",
"خطأ,",1
",",
"لاختيار عينة عشوائية طبقية حجمها 10% من بين الشبكات المقدمة يتم تحديد حجم العينة الطبقية البسيطة الكلي ,",S
",",
"صح,",
"خطأ,",1
",",
"يتم تجميع البيانات من بعض مفردات المجتمع محل الدراسة بأسلوب المسح بالعينة العشوائية,",S
",",
"صح,",1
"خطأ,",
",",
"تجنب الأسئلة التي  تعتمد على على ذاكرة الفرد لفترة زمنية قصيرة من الشروط عند تصميم الاستبيان  ,",S
",",
"صح,",
"خطأ,",1
",",
"الاستبيان عبارة عن أسئلة موجهه لفئة معينة مختارة من الناس,",S
",",
"صح,",1
"خطأ,",
",",
"التمثيل البياني للبيانات الكمية المنفصلة,",S
"شكل الاعمدة,",1
"مدرج تكراري,",
"مضلع تكراري,",
"مضلع تكراري,",
"يتم تمثيل البياني للبيانات الكميه المتصله ب,",S
"المدرج التكراري,",
"المضلع التكراري,",
"المنحنى التكراري,",
"كل ما سبق,",1
"يعتبر شكل القطاعات الدائريه من افضل الاشكال البيانيه التي تستخدم في تمثيل البيانات النوعيه الاسميه,",S
",",
"صح,",1
"خطأ,",
",",
" من افضل الاشكال البيانيه التي تستخدم التي تستخدم في تمثيل البيانات لكمية المتصله,",S
"المدرج ,",
"المضلع ,",
"المنحنى التكراري,",
"كل ما سبق,",1
"التغيرات التي تتكرر بانتظام خلال فترة زمنية أقل من السنة، عادة في الموسم,",S
",",
"الاتجاه العام,",
"التغيرات الموسمية,",1
"التغيرات الدورية,",
"لايجاد النسبه يستخدم القانون التالي (الحد الادنى للفئه+الحد الأعلى للفئه)÷ 2 ,",S
",",
"صح,",
"خطأ,",1
",",
"التغيرات التي تحدث نتيجة حوادث فجائية غير متوقعة مثل الفيضانات والاعاصير والحروب,",S
",",
"التغيرات الموسمية,",
"التغيرات العرضيه,",1
"كل ما سبق,",
"القطاعات الدائريه تعتبر من افضل الاشكال البيانية التي تستخدم في تمثيل البيانات النوعية الاسمية,",S
",",
"صح,",1
"خطأ,",
",",
"شركة بها 2000 موظف جنسياتهم على النحو التالي يمني، فلسطيني، اردني عدد القطاعات في شكل القطاع الدائري,",S
",",
"5,",
"1,",
"3,",1
"البيانات الخام هي البيانات التي تم تلخيصها وتنظيمها في توزيعات تكرارية,",S
",",
"صح,",
"خطأ,",1
",",
"عند حصولنا على بيانات نطلق على هذه البيانات ب,",S
",",
"Raw Data,",
"بيانات خام ,",
"كل ما سبق,",1
"عند تلخيص البيانات وتنظيمها يطلق على هذه البيانات ب,",S
",",
"توزيعات تكرارية,",
"بينات مبوبة,",1
"بيانات خام ,",
"عدد الفئات،.... التكرار،.......حجم الفئة .... ، يرمز لهم بالترتيب,",S
",",
" c,f,n ,",1
" n,c,f ,",
"f,c,n ,",
"حجم التكرارات يساوي حجم العينه يساوي,",S
",",
"£=nf,",
"f=n£,",
"n=f£,",1
"عندما يكون لدينا فئه من20 إلى 30 فان القيمه,",S
",",
"20 حد ادنى لهذه الفئه,",1
"30 حد ادنى لهذه الفئه,",
"20 حد اعلى لهذه الفئه,",
"طول الفئه هو الفرق بين الحد األدنى والحد الأعلى لنفس الفئه,",S
",",
"صح,",1
"خطأ,",
",",
"يمكن حساب عدد الفئات محسوبة باستخدام الحزم اإلحصائية,",S
",",
"صح,",1
"خطأ,",
",",
"التوزيعات التكرارية هي عباره عن جداول لبعض الأوجه وليس لجميع الأوجه,",S
",",
"صح,",
"خطأ,",1
",",
"لا تختلف التوزيعات التكرارية حسب طبيعة البيانات,",S
",",
"صح,",
"خطأ,",1
",",
"...مركز الفئه يسمى ... ويساوي,",S
",",
"منتصف الفئه ، (الحد الأدنى + الحد الأعلى) ÷٢,",1
"منتصف الفئه, الحد الأدنى ÷ الحد الأعلى,",
"منتصف الفئه ، ٢×(الحد الأدنى + الحد الأعلى) ,",
"تغيرات تحدث عادة كل خمس او ثلاث سنوات ,",S
",",
"التغيرات الموسمية,",
"التغيرات الدورية,",1
"التغيرات العرضية,",
"يمكن وصف البيانات النوعية بإحدى التمثيلات البيانية الاتية,",S
",",
"المدرج التكراري,",
"السلاسل الزمنية,",
"القطاعات الدائرية,",1
"يعتبر شكل الأعمدة من افضل الاشكال البيانية التي تستخدم في تمثيل  ,",S
",",
"البيانات النوعية فقط,",
"كل من بيانات الكمية  المنفصلة والبيانات النوعية  ,",1
"بيانات السلاسل الزمنية,",
"يتم التمثيل التوزيع المجتمع الصاعد والنازل عن طريق,",S
",",
"Circles,",
"Pointers,",
"Frequency Ogives,",1
"دائما يكون للسلاسل الزمنية اتجاه عام,",S
",",
"صح,",
"خطأ,",1
",",
"شكل الاعمدة يستخدم لتمثيل البيانات النوعية فقط,",S
",",
"صح,",
"خطأ,",1
",",
"عند التمثيل في المدرج او المضلع او المنحنى التكراري,",S
",",
"نرسم محور واحد فقط يمثل التكرارات,",
"نرسم محور واحد فقط يمثل الفئات,",
"نرسم محور لتمثيل الفئات ومحور لتمثيل التكرارات,",1
"من أبرز الاشكال وتستخدم في كثير من المجالات الاقتصادية -خاصة- تبين لنا تطور الظواهر مع مرور الزمن,",S
",",
"شكل القطاعات الدائرية ,",
"شكل الاعمدة,",
"شكل السلاسل الزمنية,",1
"من الاتي من يعتبر من مكونات السلسة الزمنية,",S
",",
"المدرج التكراري,",
"الاتجاه العام,",1
"لا شيء مما سبق,",
"من مما يأتي لا يمثل شكل من اشكال تمثيل البيانات,",S
",",
"Bar Chart,",
"Time Series Plot,",
"Just a Normal  Rectangular,",1
"  {3,6,4,2,5} احسب المتوسط الحسابي للقيم التالية,",S
",",
"3,",
"4,",1
"5,",
"يمكن حساب البيانات النوعية بالمتوسط الحسابي فقط إذا تم تكميمها,",S
",",
"صح,",1
"خطأ,",
",",
"   أوجد الوسيط  {7,2,5,8,6,3,4,1}           ,",S
",",
"3.5,",
"4.5,",1
"5.5,",
"................. هو القيمة الأكثر تكراراً ,",S
",",
"الوسيط,",
"المتوسط,",
"المنوال,",1
"{4,6,4,5,6,1,2} نوع المنوال,",S
",",
"أحادي,",
"ثنائي,",1
"عديم,",
"احسب الوسيط {1,7,8,5,2,4,6},",S
",",
"4,",
"5,",1
"6,",
"هو مجموع حواصل ضرب قيم مفردات العينة في أوزان مخصصة مقسوما على مجموع هذه الأوزان,",S
",",
"المتوسط الحسابي,",
"الوسيط,",
"المتوسط المرجح,",1
"البيانات الكمية المتصلة مثل ,",S
",",
"عدد افراد الاسرة ,",
"عدد حوادث السيارات ,",
"درجات الحرارة,",1
"يقاس المستوى التعليمي بإستخدام المقياس ,",S
",",
"النسبي,",
"الفترة,",
"الترتيبي,",1
"أوجد المدى للبيانات التالية :\n2  ,  4   ,  6  , 1 ,3  ,",S
",",
"4,",
"5,",1
"2,",
"اذا كانت الأجور اليومية بالريال لعينة من عشرة عمال في احدى الشركات على النحو التالي \n75  ,  65,  67,  89,  80,  100,  60,  78,  90\n احسب المدى للأجور اليومية ,",S
",",
"40,",1
"60,",
"100,",
"المدى هو الفرق بين مركز الفئة الاخيــرة ومركـــز الفئة الأولى ,",S
",",
"صح,",1
"خطأ,",
",",
"احسب الانحراف المعياري للأجور اليومية بالدولار للعينة العشوائية التالية المكونة من ثلاثة عمال بإحدى القطاعات \n 90,      70,     50,",S
",",
"40,",
"20,",1
"60,",
" اذا كان عدد المترددين على العيادات النفسية بإحدى المستشفيات خلال ستة أيام هو \n (4 ,   6 ,   3,    8,   10,     12)  \n احسب الانحراف المعياري ,",S
",",
"308.17,",
"369,",
"3.49,",1
"التباين لبيانات المجتمع هو عبارى عن متوسط الجذر التربيعي لقيم عن وسطها الحسابي ,",S
",",
"صح,",
"خطأ,",1
",",
"اوجد الانحراف المعياري لعدد مرات التداول اليومي خلال أيام العمل الرسمية لاحد الحسابات البنكية \n (8,   0,    3,   7 ,    4) ,",S
",",
"41.2,",
"3.21,",1
"32.1,",
"اوجد التباين لعدد مرات تداول يومي  خلال أيام العمل الرسمية من احد الحسابات \n (4,    7     ,  8,    0   , 3) ,",S
",",
"10.3,",1
"1.03,",
"41.2,",
"يعتبر الوسيط أدق مقاييس النزعة المركزية وأكثرها ثباتاً,",S
",",
"صح,",
"خطأ,",1
",",
"يتأثر الوسط الحسابي بالقيم المتطرفة ,",S
",",
"صح,",1
"خطأ,",
",",
"لا يمكن إيجاده الوسيط بالرسم ,",S
",",
"صح,",
"خطأ,",1
",",
"يصعب حساب  الوسيط أدق في  الجداول المتكررة المفتوحة,",S
",",
"صح,",
"خطأ,",1
",",
"من عيوب المتوسط الحسابي أنه قد لا يساوي عدداً صحيحاً أو أيً من القيم الداخلة فيه,",S
",",
"صح,",1
"خطأ,",
",",
"المجموع الجبري لانحرافات القيم عن وسطها الحسابي يساوي ,",S
",",
"واحد,",
"صفر,",1
"مجموع القيم نفسه,",
"عند إضافة أو طرح مقدار ثابت لجميع القيم فإن الوسط الحسابي  ,",S
",",
"يزيد و ينقص على الترتيب بنفس المقدار الثابت,",
"يزيد أو ينقص على الترتيب بنفس المقدار الثابت,",1
"يزيد أو ينقص على الترتيب بنفس بمقدار متغير,",
"المقياس الوحيد في النزعة المركزية الذي يمكن إيجاده للبيانات الأسمية هو,",S
",",
"الوسيط,",
"الوسط الحسابي,",
"المنوال,",1
"........ يصعب استخدمه في الإحصاء الاستدلالي وذلك لصعوبة معالجته بالطرق الجبرية  ,",S
",",
"الوسيط,",1
"الوسط الحسابي,",
"المنوال,",
" من مزايا الوسيط كمقياس للنزعة المركزية,",S
",",
"يمثل القيمة الأكثر تكراراً في المجموعة ,",
"يشمل جميع قيم البيانات,",
"يعتبر مناسباً للتفسير في حالة وجود قيم متطرفة,",1
"ماهي الصيغة التي تستخدم عند حساب بيانات العينة,",S
",",
"Cy.(x)=s/-x 10 %,",
"Cy.(x)=s/-x 50 %,",
"Cy.(x)=s/-x 100%,",1
".......معاملا الالتواء لبيرسون ,",S
",",
"يتاثران بوحده القياس,",1
"لا يتاثران بوحده القياس,",
"لا شيء مما سبق,",
"ما هي مقاييس التشتت المطلق ,",S
",",
"المدى ,",
"الانحراف المعياري,",
"كل ما سبق,",1
"هو معامل نسبي يستخدم للمقارنة بين تشتت ظاهرتين او اكثر مختلفتين او متشابهتين في وحده القياس ويرمز  cy.(x) لها بالرمز     ,",S
",",
"معامل الاختلاف ,",1
"الانحراف المعياري ,",
"لا شيء مما سبق,",
"الظاهرة التي معامل اختلافها اكثر تكون...... من الأخرى ,",S
",",
"مساوية للتشتت ,",
"اكثر تشتتاً,",1
"اقل تشتتاً,",
"اذا أراد شخص الاستثمار في شركة وكان الانحراف المعياري 5 والوسط الحسابي  12 فعليه الاعتماد على ,",S
",",
"الوسط الحسابي ,",1
"الانحراف المعياري,",
"كل ما سبق,",
"درجات طلاب المدرسة الخاصه اكثر تجانساً من درجات طلاب المدرسة الحكومية ,",S
",",
"صح,",
"خطأ,",1
",",
"هو درجة بعد المنحنى التكراري عن التماثل,",S
",",
"معامل الالتواء,",1
"معامل الانحراف ,",
"التماثل,",
"من المهم في حساب معاملي الالتواء لبيرسون توضيح اذا كانت البيانات مبوبة او غير مبوبة,",S
",",
"صح,",
"خطأ,",1
",",
"في حال التوزيع التكراري المفتوحة ........ إيجاد معاملي الالتواء لبيرسون لذا....... استخدام معامل الالتواء لباولي ,",S
",",
"لا يمكن – يمكن ,",1
"يمكن – لا يمكن,",
"يمكن –  يمكن,",
"عندما تكون قيمة معامل الارتباط لبيرسون مساوية للصفر فذلك يدل على عدم وجود علاقة بين المتغيرين  ,",S
",",
"صح,",
"خطأ,",1
",",
"لا يصح معامل بيرسون لقياس متغيرين كليهما مقياس ترتيبي او اسمي ,",S
",",
"صح,",1
"خطأ,",
",",
"الارتباط  لا يدل على السببية ,  ليس شرط ان يتغير احد المتغيرين بتغير الاخر ,",S
",",
"صح,",1
"خطأ,",
",",
"يفضل استخدامه لتحديد درجة ارتباط بيانات كمية عددها اقل من  30,",S
",",
"بيرسون,",
"سبيرمان,",1
"بوينت بايسسريال ,",
"اذا كان قيمة معامل الارتباط من     0.50 الى 0.69 فانه ارتباط طردي ,",S
",",
"قوي,",
"متوسط,",1
"ضعيف,",
"من اكثر معاملات الارتباط استخداما و خاصة العلوم الإنسانية و الاجتماعية  ,",S
",",
"بيرسون,",1
"سبيرمان,",
"بوينت بايسسريال ,",
"معامل الإقتران لا يستخدم للعلاقة بين متغيرين اسميين،كَ النوع(ذكر/أنثى)      ,",S
",",
"صح,",
"خطأ,",1
",",
"معامل الإقتران كمعاملي 'بوينت باسيريال' و 'سيرمان' ؟ ,",S
",",
"صح,",1
"خطأ,",
",",
"للإقتران من إشارة معامل الارتباط ليس لها معنى في حالة المتغيرات النوعية،وبالتالي ينصب الإهتمام فقط على إتجاه العلاقة دون قوتها ,",S
",",
"صح,",
"خطأ,",1
",",
"تدل إشارة معامل الانحدار على نوع الاتجاه العام (زيادة و نقصان)   ,",S
",",
"صح,",
"خطأ,",1
",",
"إحدى طرق تعيين الإتجاه العام الخطي استخدام,",S
",",
"اسلوب الانحدار الخطي البسيط,",1
"معامل الانحدار,",
"النموذج الخطي البسيط,",
"… تدل على نوع b إشارة معامل الانحدار ,",S
",",
"النموذج الخطي البسيط,",
" الاتجاه العام,",
"اسلوب الانحدار الخطي البسيط,",1
"يتم استخدام النموذج الخطي ل,",S
",",
"حساب السلسلة الزمنية,",1
"للتنبؤ بالقيمة المستقبلية,",
"لا شيء مما سبق,",
"يمكن استخدام معادلة الاتجاه العام الخطي للسلسلة الزمنية على,",S
",",
"أن يكون الزمن بعيدًا أكثر من طول نصف الفترة المعطاه,",
" ألا يكون الزمن بعيدًا أكثر من طول نصف الفترة المعطاه,",1
"لا شيء مما سبق,",
"يتم استخدام النموذج الخطي لحساب السلسلة الزمنية على وجود,",S
",",
"علاقة ارتباط ذاتي بين المشاهدات,",1
"مشاهداتها مستقلة عن بعضها البعض,",
"لا شيء مما سبق,",
"يتم استخدام نموذج الانحدار الخطي لحساب السلسلة الزمنية على وجود,",S
",",
"علاقة ارتباط ذاتي بين المشاهدات,",
"مشاهداتها مستقلة عن بعضها البعض,",1
"لا شيء مما سبق,",
"يمكن تمثيل التوزيع التكراري باستخدام,",S
"المضلع التكراري,",
"حساب مقاييس النزعة المركزية والتشتت,",
"المدرج التكراري,",
"كل ما سبق,",1
"عبارة عن أسلوب احصائي يقوم بصياغة اثر عدة ظواهر مؤثرة على ظاهرة معينة,",S
",",
"التنبؤ,",
"تحليل الانحدار,",1
"معامل الاقتران,",
"بمقدار وحدة واحدة؟ X المناظرة للتغير في Y ميل الخط يمثل كمية التغير في  ,",S
",",
"صح,",1
"خطأ,",
",",
"اشارة معامل الانحدار تدل على نوع الارتباط,",S
",",
"عكسي,",
"طردي,",
"عكسي او طردي,",1
"لا توجد علاقة بين معامل الانحدار ومعامل الارتباط الخطي,",S
",",
"صح,",
"خطأ,",1
",",
"اذا كانت قيمة معامل الارتباط تساوي 1 فان قيمة معامل الانحدار تساوي 1؟,",S
",",
"صح,",
"خطأ,",1
",",
"  بين  r  تتراوح قيمة معامل الارتباط ,",S
",",
"  1<= r <=1-         ,",1
"2 <= r <=1-      ,",
"2 <= r <=2-     ,",
"عندما تكون قيمة معامل الارتباط مساوية للصفر فذلك يدل على,",S
",",
"وجود علاقة بين المتغيرين,",
"عدم وجود علاقة بين المتغيرين,",1
",",
"عندما تكون قيمة الوسط الحسابي تساوي قيمة الوسيط تساوي قيمة المنوال فإن ذلك يدل على ان البيانات,",S
",",
"ملتو لليسار,",
"ملتو لليمين,",
"متماثل,",1
"قامت شركة بإنتاج 100 قطعة منتج، وتم فحص عشوائي لـ 20 قطعة من هذه المنتجات. وتبين أن 4 منها معيوبة. ما هي الاحتمالية للعثور على منتج عيب في الدفعة القادمة من 10 قطع؟ \n ,",S
",",
"0.4,",1
"0.6,",
"0.2,",
"إذا كان لدينا صندوق يحتوي على 7 كرات حمراء و 5 كرات زرقاء و 3 كرات صفراء، ما هي احتمالية اختيار كرة حمراء أو زرقاء؟ \n ,",S
",",
"12/20,",
"12/15,",1
"12/25,",
"في مجموعة من 10 بطاقات مرقمة من 1 إلى 10، يتم اختيار بطاقة عشوائية. ما هي احتمالية أن يكون الرقم المختار أكبر من 7؟,",S
",",
"1/5,",
"3/10,",1
"2/5,",
"إذا أردنا اختيار عدد ما بين 1، 15 عشوائيًا، ما هي احتمال أن المختار هو من مضاعفات العدد 6؟,",S
",",
"1/7,",
"2/6,",
"2/15,",1
"كيس من الحلوى يحتوي على  حبة 20 بطعم البطيخ، و45 حبة بطعم التفاح الحامض، و30 حبة بطعم البرتقال و5 حبات من الحلوى القطنية، ما احتمال الحصول على حبة واحدة بنكهة البطيخ \n ,",S
",",
"1/5,",1
"3/8,",
"2/5,",
"عند رمي قطعتين من النرد معاً، ما هو احتمال أن تكون النتيجة مجموعها 7، أو تتضمن العدد 3؟,",S
",",
"5/13,",
"5/12,",1
"5/15,",
"إذا كانت هناك 5 بطاقات مرقمة: 2 ، 3 ، 4 ، 5 ، 6، جد احتمال سحب عدد أولي، وإعادة وضعه مرة أخرى في المجموعة، ثم احتمالية اختيار عدد مركب ,",S
",",
"6/23,",
"6/25,",1
"6/26,",
"يوجد داخل أحد الصفوف 60 طالب، يرتدي 7/12 من الطلاب قمصاناً حمراء و1/3 من الطلاب يرتدون قمصاناً زهرية، وبقية الطلاب يرتدون قمصاناً برتقالية، اذا تم اختيار طالب بشكل عشوائي ما احتمال أن يكون قميصه برتقالي اللون؟,",S
",",
"1/12,",1
"1/4,",
"1/8,",
"يعرفُ بإنه مقدار يأخذ قيماً رقمية مختلفة والتي تعبر عن النتائج التجربة العشوائية,",S
",",
"الاحتمالات,",
"المتغير الثابت,",
"المتغير العشوائي,",1
"يعتبر المتغير العشوائي متغير منفصل إذا كان ينتمي إلى مجموعة محدودة حتى ولو لم تكن هذه القيم قيماً صحيحة,",S
",",
"صحيح,",1
"خاطئ,",
"يحتمل الصواب والخطأ,",
"اذا كان عدد فرق دوري جميل 20 فريقا فاذا كان كل فريق يلتقي مع الفريق الاخر مرة واحدة أي يتم اختيار فريقين في كل مرة فكم عدد المباريات الكلية لدوري جميل (المطلوب عدد طرق اختيار فريقين من 20 فريق ) ,",S
",",
"180,",
"190,",1
"380,",
"القاء قطعتي نرد وظهور رقم ما على الزهرة الأولى لا يؤثر ولا يتاثر بما ظهر على القطعة الثانية تمثل,",S
",",
"حادثة متماثلة ,",
"حادثة مستقلة ,",1
"  حادثة مؤكدة,",
"الحادثة ............. تكون عندما لا يكون للتجربة أي نواتج متعلقة بالحادثة المذكورة ,",S
",",
"المستقلة ,",
"المستحيلة,",
"المؤكدة,",1
"حادثة تمثل ظهور صورتين ,",S
",",
"حادثة متماثلة ,",
"حادثة بسيطة,",
"حادثة مركبة ,",1
"بكم طريقة يمكن اختيار رجلين من بين اربع رجال ؟,",S
",",
"6,",1
"4,",
"8,",
"القاء زهرة النرد متزنة بطريقة غير متحيزة مرة واحدة فان ظهور احد الأوجه يمنع ظهور الأوجه الأخرى تمثل,",S
",",
"حادثة متنافية    ,",1
"حادثة مستقلة    ,",
"حادثة مستحيلة ,",
"هو احتمال يختلف باختلاف الخبرة لدى الشخص ولا يعتمد على أساس رياضي في حساب قيمته,",S
",",
"Objective  ,",
"event  ,",
"subjective  ,",1
"  يطلق عليه أيضا لفظ Sample space   ,",S
",",
"Possible cases,",1
"imposable event,",
"all above,",
"اذا كان لديك عشر بطاقات مرقمة من 1 الى 10 موضوعة على طاولة بشكل عشوائي ومقلوبة ثم سحبت احدى هذه البطاقات ما احتمال الحصول على بطاقة تحمل رقم يقبل القسمة على 3 ,",S
",",
"0.1,",
"0.3,",1
"none above,",
"هي الحوادث التي يكون لها نفس فرصة الحدوث ,",S
",",
"المتماثلة,",1
"المستقلة ,",
"الأكيدة,",
"عائلة متكونه من 4 اطفال ما هو احتمال ان يكن عدد الذكور اكثر من عدد الاناث؟,",S
",",
"8/16,",
"2/16,",
"5/16,",1
"رميت قطعة نرد مرتين ما هو احتمال ظهور مجموع 13 علو وجهي النرد؟,",S
",",
"1/2,",
"0,",1
"1,",
"صندوق فيه بطاقات مرقمه من 1-50 سحبت بطاقة عشوائيا ما هو احتمال تحمل عدد مربع كامل؟,",S
",",
"7/50,",1
"9/50,",
"1/2,",
"1-P(A')=…..,",S
",",
"1,",
"P(A),",1
"P(A'),",
"رميت قطعة نرد مره واحده ماهو احتمال ظهور عدد فردي او زوجي؟ ,",S
",",
"1/6,",
"5/6,",1
"3/6,",
"صندوق فيه 10 كرات حمراء و 5كرات خضراء و 7 كرات صفراء سحبت كرة عشاوائيا ماهو احتمال ان تكون حمراء او صفراء؟,",S
",",
"7/22,",
"17/22,",1
"12/22,",
"رميت قطعتي نرد مره واحده ما هو احتمال ظهر تساوي النردين؟,",S
",",
"7/26,",1
"9/26,",
"5/26,",
"رميت قطعة نقود خمس مرات متتاليه ما هو احتمال ظهور الصورة مرة واحده على الاقل؟,",S
",",
"28/32,",
"31/32,",1
"20/32,",
"2P(A) + 2P(A') =3P(X) فإن P(X)=,",S
",",
"1/3,",
"2/3,",1
"1/4,",
"اذا كان \n P(A)=P(B)=1/2 , P(AB)=1/2 \n فإن \n A,B مستقلتان ,",S
",",
"صح,",
"خطأ,",1
",",
"ماذا يعني مصطلح ""تعداد السكان""؟,",S
",",
"جمع المعلومات عن عدد الأفراد في منطقة معينة عند نقطة زمنية محددة,",1
"تحليل البيانات الإحصائية المتعلقة بالسكان,",
"تقدير عدد السكان بناءً على العوامل المختلفة,",
"يتميز بالسهولة حيث يتم حصر الأشخاص في مكان وجودهم وقت التعداد بصرف النظر عن كونهم من سكان هذا المكان أو زائرين بصفة مؤقتة ,",S
",",
"الأساس الواقعي,",
"الأساس الحقيقي,",1
"الأساس العملي,",
"هي أداة شائعة تستخدم في تعداد السكان,",S
",",
"الاستبيانات,",1
"الجداول الإحصائية,",
"النماذج الإحصائية,",
"ما هي الفترة الزمنية الشائعة لإجراء تعداد السكان؟,",S
",",
"كل عام,",
"كل خمس سنوات,",
"كل عشر سنوات,",1
"ما هو المعيار الشائع لتصنيف السكان حسب العمر؟,",S
",",
"الفئات العمرية,",1
"المستوى التعليمي,",
"الفئات الاجتماعية,",
"ماذا يعني مصطلح ""المسوحات السكانية البيئية""؟,",S
",",
"تحليل البيانات الإحصائية للسكان في البيئات الطبيعية,",
"المسوح المتخصصة في جانب معين بالخصوبة او الاقتصادية ...الخ,",1
"تحديد تأثير السكان على البيئة المحيطة بهم,",
"تعتبر اهم مصدر من مصادر الإحصاءات السكانية ,",S
",",
"تعداد السكان,",
"المسوحات السكانية البيئية,",
"الإحصاءات الحيوية,",1
"ما هو المجال الذي يغطيه الإحصاءات الحيوية؟,",S
",",
"الكائنات الحية والتنوع البيولوجي,",1
"الإحصاءات الاقتصادية والديموغرافية,",
"البيانات الجيوغرافية والتنمية الاجتماعية,",
"أغراض تخدم الإحصاءات الحيوية,",S
",",
"تنظيم وتحسين الخدمات الخاصة والعامة,",
"المقارانات المحلية والدولية ,",
"كل ما سبق,",1
"يفرض ان تعدد السكان في احدى الدول =20 مليون نسمة في منتصف عام 2004 وكانت مساحة هذه الدولة =7 مليون كم2 و عدد حجرات المساكن =10 مليون حجرة فإن ,",S
",",
"كثافة السكان  =2.86  شخص لكل كم  ,  كثافة المسكن=2,",
"كثافة السكان  =2.86  شخص لكل كم2   ,  كثافة المسكن=2,",1
"كثافة السكان  =2.70  شخص لكل كم2   ,  كثافة المسكن=2,",
"ماهو معدل مواليد الخام ؟,",S
",",
"عدد الاطفال المولودين احياء لكل 1000 نسمة  في منتصف العام,",1
"عدد الاطفال المولودين احياء لكل 100 نسمة  في منتصف العام ,",
"عدد الاطفال المولودين احياء لكل 10000 نسمة  في منتصف العام ,",
"معدل التوالد يساوي ,",S
",",
"1200,",1
"800,",
"1000,",
"معدل خصوبة العام يساوي,",S
",",
"200,",1
"100,",
"300,",
"اذا كان عدد مواليد احياء في دولة ما عام 1410هو200000 مولودا حيا وكان عدد النساء اللاتي في سن الحمل 900000 فان معدل الخصوبة يساوي,",S
",",
"22.2,",1
"23.3,",
"24.4,",
"معدل الوفيات من الفئة العمرية (40_50) يساوي,",S
",",
"5,",1
"4,",
"3,",
"معدل وفيات الخام يساوي ,",S
",",
"10,",1
"15,",
"20,",
"اذا كان عدد سكان دولة ما في منتصف عام 1410 هجري هو 900000 نسمة توفي منهم 1500نسمة في نفس العام وكان عدد المواليد احياء في نفس العام هو 7000  اوجد معدل الوفيات الخام ,",S
",",
"1.67,",1
"2.43,",
"1.56,",
"الأساس الذي يتم فيه حصر الأشخاص في مكان وجودهم وقت التعداد بصرف النظر عن كونهم من سكان هذا المكان أصلا او زائرين بصفة مؤقتة ,",S
",",
"الأساس الحقيقي ,",1
"الأساس الفعلي ,",
"الأساس النظري,",
"من مصادر البيانات السكانية ,",S
",",
"الإحصاء الحيوي ,",
"المسوح السكانية البيئية,",
"كل ما سبق,",1
"اذا كانت الرقم القياسي الأمثل للأسعار اكبر من 100% فذلك يدل على ان الأسعار,",S
",",
"ارتفعت,",1
"انخفضت,",
"لم تتأثر,",
"العلاقة بين الرقم القياسي للأسعار و القوة الشرائية لعملة الدولة علاقة,",S
",",
"طردية ,",
"عكسية,",1
"مكافئة,",
"أسعار السنة الحالية تسمى اسعار سنة,",S
",",
"الأساس,",
" المقارنة,",1
"القياس,",
"نقيس التغير في الأسعار عادة من سنة....إلى سنة  ,",S
",",
"المقارنة- الأساس,",
"الأساس- المقارنة,",1
"الحالية- المقارنة,",
"إذا كان الرقم القياسي للأسعار <100 فإن القوة الشرائية للمستهلك ,",S
",",
"تزداد,",1
"لا تتغير,",
"تستقر,",
"إذا كان الرقم القياسي للأسعار<100 فهذا يدل على ....الأسعار ,",S
",",
"زيادة ,",
"نقص,",1
"استقرار,",
"إذا كان الرقم القياسي للأسعار >100 فإن القوة الشرائية للمستهلك  ,",S
",",
"تزداد,",
"تقل,",1
"لا تتغير,",
"إذا كان الرقم القياسي للأسعار المرجح بسنة الأساس%69.40 ، والمرجح بسنة المقارنة %69.39 , والرقم البسيط للأسعار %69.23 ، فإن الرقم القياسي الأمثل,",S
",",
"69.39%,",1
"69.40%,",
"69.23%,",
"(فيتشر) هو الرقم القياسي البسيط للأسعار,",S
",",
"صح,",
"خطأ,",1
",",
"لاسبير هو الرقم القياسي المرحج للأسعار بسنة الأساس,",S
",",
"صح,",1
"خطأ,",
",",
"باتشي هو الرقم القياسي للأسعار بسنة المقارنة ,",S
",",
"صح,",
"خطأ,",1
",",
"1.في منطقة معينة، تم تسجيل عدد الوفيات خلال الأعوام الخمسة الماضية كما يلي: في العام الأول كان هناك 100 حالة وفاة، في العام الثاني كان هناك 120 حالة وفاة، في العام الثالث كان هناك 150 حالة وفاة، في العام الرابع كان هناك 180 حالة وفاة، وفي العام الخامس كان هناك 200 حالة وفاة. ما هو معدل الوفيات الخام لهذه المنطقة خلال الفترة الخمسية؟,",S
",",
" 150حالة وفاة,",1
"130حالة وفاة,",
"160حالة وفاة,",
"2.في منطقة معينة، تم تسجيل عدد الوفيات لفئة عمرية محددة خلال الأعوام الخمسة الماضية كما يلي: في الفئة العمرية 50-60 كان هناك 100 حالة وفاة، في الفئة العمرية 60-70 كان هناك 120 حالة وفاة، في الفئة العمرية 70-80 كان هناك 150 حالة وفاة. ما هو معدل الوفيات لهذه الفئة العمرية خلال الفترة الخمسية؟,",S
",",
" 120حالة وفاة,",
"100حالة وفاة,",
"80حالة وفاة,",1
"3.في مستشفى معينة، تم تسجيل عدد الوفيات للأطفال الرضع (أقل من سنة) خلال الأعوام الخمسة الماضية كما يلي: في الفئة العمرية 0-3 أشهر كان هناك 40 حالة وفاة، في الفئة العمرية 4-6 أشهر كان هناك 60 حالة وفاة، في الفئة العمرية 7-9 أشهر كان هناك 35 حالة وفاة. ما هو معدل الوفيات للأطفال الرضع خلال الفترة الخمسية؟,",S
",",
" 25حالة وفاة,",
"80حالة وفاة,",1
"55حالة وفاة,",
"4.في مستشفى معين، تم تسجيل عدد المرضى المسجلين خلال الأشهر الستة الماضية كما يلي: في شهر يناير كان هناك 200 مريض، في شهر فبراير كان هناك 180 مريض، في شهر مارس كان هناك 220 مريض. ما هو معدل الخام لعدد المرضى المسجلين في المستشفى خلال الأشهر الستة الماضية؟,",S
",",
"160مريض ,",
"185مريض,",
"200مريض,",1
"5.في إحدى الدول، تم إجراء دراسة لمعرفة عدد الأشخاص الذين يعانون من الأمية في الفئة العمرية من 18 سنة فما فوق كما يلي: في المدينة A كان هناك 1000 شخص يعانون من الأمية، في المدينة B كان هناك 1500 شخص يعانون من الأمية. ما هو معدل الخام للأمية في الدولة بأكملها؟,",S
",",
"1000شخص,",
"1500شخص,",
"2500شخص,",1
"6.في منطقة معينة، تم تسجيل عدد الشركات النشطة في القطاع الصناعي خلال العام الماضي كما يلي: في قطاع التصنيع كان هناك 200 شركة نشطة، في قطاع البناء كان هناك 150 شركة نشطة. ما هو معدل النشاط الاقتصادي الخام في المنطقة؟,",S
",",
"100شركة,",
"175شركة,",1
"200شركة,",
"7.في إحدى الدول، تم إجراء دراسة لمعرفة عدد المشاريع النشطة في قطاع السياحة وقطاع النقل خلال الربع الأخير من العام الماضي كما يلي: في قطاع السياحة كان هناك 500 مشروع نشط، في قطاع النقل كان هناك 200 مشروع نشط. ما هو معدل النشاط الاقتصادي العام في الدولة؟,",S
",",
"200مشروع,",
"250مشروع,",
"350مشروع,",1
"أي ممايلي لايعتبر من مقاييس الهجرة الهامة,",S
",",
"هجرة داخلية,",1
"معدل الهجره الوافدة لمنطقة معينة,",
"معدل الهجره الصافية,",
"9.في دولة معينة، تم تسجيل عدد الوافدين الجدد خلال العام الماضي كما يلي: في الربع الأول كان هناك 10,000 وافد، في الربع الثاني كان هناك 8,000 وافد، في الربع الثالث كان هناك 12,000 وافد، وفي الربع الرابع كان هناك 9,000 وافد. ما هو معدل الهجرة الوافدة السنوي في الدولة؟,",S
",",
"8000وافد/سنة,",
"9750وافد/سنة,",1
"10000وافد/سنة,",
"10.في دولة معينة، تم تسجيل عدد الوافدين خلال العام الماضي كما يلي: عدد الوافدين الجدد كان 15,000، وعدد المغادرين كان 10,000. ما هو معدل الهجرة الصافية السنوي في الدولة؟,",S
",",
"5000وافد/سنة,",1
"10000وافد/سنة,",
"15000وافد/سنة,",
